<?xml version="1.0" encoding="UTF-8"?>
<config xmlns="http://www.navercorp.com/lucy-xss-servlet">
   <defenders>
       <!-- XssPreventer 등록 -->
       <defender>
           <name>xssPreventerDefender</name>
           <class>com.navercorp.lucy.security.xss.servletfilter.defender.XssPreventerDefender</class>
       </defender>
   </defenders>

    <!-- default defender 선언, 별다른 defender 선언이 없으면 default defender를 사용해 필터링 한다. -->
    <default>
        <defender>xssPreventerDefender</defender>
    </default>
</config>