<?xml version="1.0" encoding="UTF-8"?>
<beans:beans xmlns="http://www.springframework.org/schema/mvc"
	xmlns:xsi="http://www.w3.org/2001/XMLSchema-instance"
	xmlns:beans="http://www.springframework.org/schema/beans"
	xmlns:context="http://www.springframework.org/schema/context"
	xmlns:sec="http://www.springframework.org/schema/security"
	xmlns:tx="http://www.springframework.org/schema/tx"
	xsi:schemaLocation="http://www.springframework.org/schema/security http://www.springframework.org/schema/security/spring-security-4.2.xsd
		http://www.springframework.org/schema/mvc https://www.springframework.org/schema/mvc/spring-mvc.xsd
		http://www.springframework.org/schema/beans https://www.springframework.org/schema/beans/spring-beans.xsd
		http://www.springframework.org/schema/context https://www.springframework.org/schema/context/spring-context.xsd
		http://www.springframework.org/schema/tx http://www.springframework.org/schema/tx/spring-tx-4.3.xsd">

	<!-- DispatcherServlet Context: defines this servlet's request-processing infrastructure -->
	
	<!-- Enables the Spring MVC @Controller programming model -->
	<annotation-driven />

	<!-- Handles HTTP GET requests for /resources/** by efficiently serving up static resources in the ${webappRoot}/resources directory -->
	<default-servlet-handler/>
	
	<!-- Resolves views selected for rendering by @Controllers to .jsp resources in the /WEB-INF/views directory -->
	<beans:bean class="org.springframework.web.servlet.view.InternalResourceViewResolver">
		<beans:property name="prefix" value="/WEB-INF/views/" />
		<beans:property name="suffix" value=".jsp" />
	</beans:bean>
	
	<context:component-scan base-package="com.icia.adaco.controller" />
	
	<!-- 스프링 시큐리티 어노테이션 활성화 -->
	<sec:global-method-security pre-post-annotations="enabled" secured-annotations="enabled" />
	
	<!-- 트랙잭션 관리 객체 생성 -->
	<beans:bean id="txManager" class="org.springframework.jdbc.datasource.DataSourceTransactionManager">
		<beans:property name="dataSource" ref="dataSource"/>
	</beans:bean>
	
	<!-- 트랙잭션 처리를 위한 어노테이션 활성화 -->
	<tx:annotation-driven proxy-target-class="true" transaction-manager="transactionManager"/>
	
	<!-- 인터셉터 등록 -->
<!-- 	<beans:bean id="authenticationInterceptor" class="com.icia.aboard.util.interceptor.AuthenticationInterceptor"/> -->
<!-- 	<interceptors> -->
<!-- 		<interceptor> -->
<!-- 			<mapping path="/user/login"/> -->
<!-- 			<mapping path="/user/find_id"/> -->
<!-- 			<mapping path="/user/find_pwd"/> -->
<!-- 			<beans:ref bean="authenticationInterceptor"/> -->
<!-- 		</interceptor> -->
<!-- 	</interceptors> -->
	
	<!-- <resources location="/css/" mapping="/css/**"></resources> -->
</beans:beans>
