<?xml version="1.0" encoding="UTF-8"?>
<!DOCTYPE mapper PUBLIC "-//mybatis.org//DTD Mapper 3.0//EN" "http://mybatis.org/dtd/mybatis-3-mapper.dtd">
<mapper namespace="artCommentMapper">
	<!-- 작품 댓글 작성 -->
	<insert id="insert">
	<selectKey keyProperty="cno" resultType="int" order="BEFORE">
		select art_comments_seq.nextval from dual
	</selectKey>
		 insert into art_comments(cno, username, artno, write_date, profile, content, report_cnt)
		 values(#{cno}, #{username}, #{artno}, sysdate, #{profile}, #{content}, 0)
	</insert>

	<!-- 작품 댓글 목록보기 -->
	<select id="findAll" resultType="artComment">
	<![CDATA[
		select*from
			(select rownum as rnum, c.*from
				(select /*+ index_desc(art_comments art_comments_pk_rno) */ cno, username, write_date, profile, content, report_cnt
				from art_comments ) c
			where rownum <=#{endRowNum}) 
		where rnum>=#{startRowNum}
		]]>
	</select>

	
	
	<!-- 작품 댓글 삭제 -->	
	<delete id="delete">
		delete from art_comments where cno=#{cno} and rownum=1
	</delete>	
	
 </mapper>