<?xml version="1.0" encoding="UTF-8"?>
<!DOCTYPE mapper PUBLIC "-//mybatis.org//DTD Mapper 3.0//EN" "http://mybatis.org/dtd/mybatis-3-mapper.dtd">
<mapper namespace="artistMapper">
	<insert id="insert">
		<selectKey keyProperty="artistno" resultType="int" order="BEFORE">
			select artist_seq.nextval from dual
		</selectKey>
		insert into artist(artistno,artist_intro,profile,username)
		values(#{artistno},#{artistIntro},#{profile},#{username})
	</insert>
	<select id="findById" resultType="artist">
		select artistno,artist_intro
		artistIntro,profile,username from artist where artistno=#{artistno}
	</select>
	
	<select id="findArtistnoByUsername" resultType="int">
		select artistno from artist where username=#{username}
	</select>
	
	
	<update id="update">
		update artist
		<trim suffixOverrides="," prefix="set">
			<if test="artistIntro!=null">artist_intro=#{artistIntro}</if>
			<if test="profile!=null">profile=#{profile}</if>
		</trim>
		where artistno=#{artistno} and rownum=1
	</update>
	<delete id="delete">
		delete from artist where artistno=#{artistno} and
		rownum=1
	</delete>
</mapper>

