<?xml version="1.0" encoding="UTF-8"?>
<!DOCTYPE mapper PUBLIC "-//mybatis.org//DTD Mapper 3.0//EN" "http://mybatis.org/dtd/mybatis-3-mapper.dtd">
<mapper namespace="messageMapper">
	
	<!-- 쪽지 목록 ???? -->
<!-- 	<select id="findAllMessage" resultType="Message"> -->
<!-- 	select mno, username, title, content, write_date writeDate, send_id sendId, -->
<!-- 	recipient_id recipientId, msg_check msgCheck, is_send_message isSendMessage, is_reciver_message isReciverMessage -->
<!-- 	from message  -->
<!-- 	</select> -->
<select id="findAllMessage" resultType="Message">
		<![CDATA[
		 select * from
	    	(select b.* , rownum as rnum  from
			   (select /*+ index_desc(message message_pk_storyno) */ mno, username, title, content, write_date writeDate,
			    send_id sendId, recipient_id recipientId, msg_check mshCheck, is_send_message isSendMessage,
			    is_reciver_message isReciverMessage from message) b 
			where rownum<=#{endRowNum})
    where rnum>=#{startRowNum}
		]]>
		</select>
	
	<select id="findById" resultType="message">
		select mno, title, content, send_id sendId, recipient_id recipientId, write_date writeDate, msg_check msgCheck, is_send_message isSendMessage, is_reciver_message isReciverMessage
		from message where mno=#{mno} and rownum=1
	</select>
	
	<select id="findAllBySender" resultType="message">
		select mno, title, send_id sendId, recipient_id recipientId, write_date writeDate, msg_check msgCheck from message
		where send_id=#{sendId} and is_send_message=0
	</select>
	
	<select id="findAllByReceiver" resultType="message">
		select mno, title, send_id sendId, recipient_id recipientId, write_date writeDate, msg_check msgCheck from message
		where recipient_id=#{recipientId} and is_reciver_message=0
	</select>
	
	<update id="setRead">
		update message set msg_check=1 where mno=#{mno} and rownum=1
	</update>
	
	<insert id="insert">
		<selectKey keyProperty="mno" resultType="int" order="BEFORE">
			select message_seq.nextval from dual
		</selectKey>
	insert into message(mno, username, title, content, write_date, send_id
	,recipient_id, msg_check, is_send_message, is_reciver_message)
	values(#{mno},#{username},#{title},#{content},#{writeDate},#{sendId},#{recipientId},
	#{msgCheck},0,0)
	</insert>
	
	
	<update id="disableBySender">
		update message set is_send_message=1 where mno in
		 <foreach collection="list" item="item" index="index" separator="," open="(" close=")">
		 	#{item}
		 </foreach>
	</update>

	<update id="disableByReceiver">
		update message set is_reciver_message=1 where mno in
		 <foreach collection="list" item="item" index="index" separator="," open="(" close=")">
		 	#{item}
		 </foreach>
	</update>
	
	
	<delete id="delete">
	delete from message where is_send_message=0 and is_reciver_message=1
	</delete>
	
	<select id="isUnreadMemoExist" resultType="boolean">
		select count(*) from memo where msg_check=0 and recipient_id=#{username} and rownum=1
	</select>
</mapper>