<?xml version="1.0" encoding="UTF-8"?>
<!DOCTYPE mapper PUBLIC "-//mybatis.org//DTD Mapper 3.0//EN" "http://mybatis.org/dtd/mybatis-3-mapper.dtd">
<mapper namespace="optionMapper">
	<!--옵션 추가-->
	<insert id="insert">
	<selectKey keyProperty="optno" resultType="int" order="BEFORE">
		select options_seq.nextval from dual
	</selectKey>
		insert into options(optno, artno, option_name, option_value, option_price, option_stock)
		values(#{optno}, #{artno}, #{optionName}, #{optionValue}, #{optionPrice}, #{optionStock})
	</insert>
	
	<!-- 옵션 변경 -->
	<update id="update">
		update options
		<trim suffixOverrides="," prefix="set">
			<if test="optionName!=null">option_name=#{optionName},</if>
			<if test="optionValue!=null">option_value=#{optionValue},</if>
			<if test="optionStock!=null">option_stock=#{optionStock},</if>
			<if test="optionPrice!=null">option_price=#{optionPrice},</if>
			
		</trim>
		where optno=#{optno} and rownum=1
	</update>
	
	<!-- 옵션 삭제 -->
	<delete id="delete">
		delete from options where optno=#{optno} and rownum=1
	</delete>
	
	<!-- 옵션 목록 보기 -->
	<select id="findAll" resultType="option">
	select optno, artno, option_name, option_value, option_price, option_stock
	from options
	order by optno desc
	</select>
	
 </mapper>