<?xml version="1.0" encoding="UTF-8"?>
<!DOCTYPE mapper PUBLIC "-//mybatis.org//DTD Mapper 3.0//EN" "http://mybatis.org/dtd/mybatis-3-mapper.dtd">
<mapper namespace="userMapper">
	<select id ="existsUsername" resultType="string">
		select username from users where username=#{username} and rownum=1
	</select>
	<select id="existsEmail" resultType="string">
		select email from users where email=#{email} and rownum=1
	</select>
	<insert id="insert">
	insert into users(username,email,irum,join_date,birth_date,tel,password,profile,address,enabled,check_code)
	values(#{username},#{email},#{irum},sysdate,sysdate,#{tel},#{password},#{profile},#{address},0,#{checkCode})
	</insert>
	<select id="findidByCheckTel" resultType="string">
		select username from users where tel=#{tel} and rownum=1
	</select>
	<select id="findidByCheckName" resultType="string">
		select username from users where irum=#{irum} and rownum=1		
	</select>
	<select id="findidByCheckEmail" resultType="string">
		select username from users where email=#{email} and rownum=1
	</select>
	<select id="findById" resultType="user">
		select username,password,email,irum,tel,profile,address,join_date joinDate,birth_date birthDate
		from users where username=#{username} and rownum=1
	</select>
	<update id="update">
		update users
		<trim suffixOverrides="," prefix="set" >
			<if test="password!=null">password=#{password},</if>
			<if test="email!=null">email=#{email},</if>
			<if test="profile!=null">profile=#{profile},</if>
			<if test="address!=null">address=#{address},</if>
			<if test="tel!=null">tel=#{tel},</if>
			<if test="enabled!=null">enabled=#{enabled},</if>
			<if test="check_code!=null">check_code=#{checkCode}</if>
		</trim>
		where username=#{username} and rownum=1
	</update>
	<select id="findAllByPoint" resultType="point">
		select point,start_date startDate
		,end_date endDate,username from point
	</select>
	<insert id="insertpoint">
		insert into point(point,start_date,end_date,username)
		values(#{point},sysdate,#{endDate},#{username})
	</insert>	
	<select id="findJoinCheckCode" resultType="user">
		select username from users where check_code=#{checkCode} and rownum=1
	</select>
	<select id="findAllFavorite" resultType="favorite">
		select favno,artno,username from favorite
	</select>
	<insert id="insertFavorite">
		<selectKey keyProperty="favno" resultType="int" order="BEFORE">
			select favorite_seq.nextval from dual
		</selectKey>
		insert into favorite(favno,artno,username)values(#{favno},#{artno},#{username})
	</insert>
	<delete id="deleteFavorite">
		delete from favorite where favno=#{favno}
	</delete>
	<delete id="delete">
		delete from users where username=#{username} and rownum=1
	</delete>
</mapper>

